{
  "hash": "4b9d847d",
  "configHash": "b3bd15a4",
  "lockfileHash": "d2ff9462",
  "browserHash": "a6e72ce4",
  "optimized": {
    "@angular/common": {
      "src": "../../../../../../node_modules/@angular/common/fesm2022/common.mjs",
      "file": "@angular_common.js",
      "fileHash": "2506604c",
      "needsInterop": false
    },
    "@angular/common/http": {
      "src": "../../../../../../node_modules/@angular/common/fesm2022/http.mjs",
      "file": "@angular_common_http.js",
      "fileHash": "8825fbc2",
      "needsInterop": false
    },
    "@angular/core": {
      "src": "../../../../../../node_modules/@angular/core/fesm2022/core.mjs",
      "file": "@angular_core.js",
      "fileHash": "84492ada",
      "needsInterop": false
    },
    "@angular/core/rxjs-interop": {
      "src": "../../../../../../node_modules/@angular/core/fesm2022/rxjs-interop.mjs",
      "file": "@angular_core_rxjs-interop.js",
      "fileHash": "8ea4c038",
      "needsInterop": false
    },
    "@angular/forms": {
      "src": "../../../../../../node_modules/@angular/forms/fesm2022/forms.mjs",
      "file": "@angular_forms.js",
      "fileHash": "8180a54d",
      "needsInterop": false
    },
    "@angular/platform-browser": {
      "src": "../../../../../../node_modules/@angular/platform-browser/fesm2022/platform-browser.mjs",
      "file": "@angular_platform-browser.js",
      "fileHash": "ff092e94",
      "needsInterop": false
    },
    "@angular/router": {
      "src": "../../../../../../node_modules/@angular/router/fesm2022/router.mjs",
      "file": "@angular_router.js",
      "fileHash": "1cba2392",
      "needsInterop": false
    },
    "rxjs": {
      "src": "../../../../../../node_modules/rxjs/dist/esm5/index.js",
      "file": "rxjs.js",
      "fileHash": "f5bb815c",
      "needsInterop": false
    }
  },
  "chunks": {
    "chunk-YUCKE5NQ": {
      "file": "chunk-YUCKE5NQ.js"
    },
    "chunk-6NRYN7HN": {
      "file": "chunk-6NRYN7HN.js"
    },
    "chunk-D32S4DMD": {
      "file": "chunk-D32S4DMD.js"
    },
    "chunk-JJGPFT3O": {
      "file": "chunk-JJGPFT3O.js"
    },
    "chunk-46PG27ZX": {
      "file": "chunk-46PG27ZX.js"
    },
    "chunk-S35MAB2V": {
      "file": "chunk-S35MAB2V.js"
    }
  }
}